<?xml version="1.0" encoding="UTF-8"?>
<project-private xmlns="http://www.netbeans.org/ns/project-private/1">
    <editor-bookmarks xmlns="http://www.netbeans.org/ns/editor-bookmarks/2" lastBookmarkId="0"/>
    <open-files xmlns="http://www.netbeans.org/ns/projectui-open-files/2">
        <group>
            <file>file:/D:/tcc2.1/src/java/DAO/UsuarioDAO.java</file>
            <file>file:/D:/tcc2.1/src/java/DAO/DicasDAO.java</file>
            <file>file:/D:/tcc2.1/web/coleta.jsp</file>
            <file>file:/D:/tcc2.1/src/java/Servlet/Sair.java</file>
            <file>file:/D:/tcc2.1/src/java/JDBC/CN.java</file>
            <file>file:/D:/tcc2.1/src/java/Servlet/Us.java</file>
        </group>
    </open-files>
</project-private>
